,Op_num,Op_total_num,motif_gene_num,gene_total_num,consensus,width
ColR,7.0,8.0,9.0,11.0,ATGACYMKDRRATTACAATKTYGAMA,26
Exporters,6.0,8.0,8.0,10.0,TATCRAKCAGSKYGATWWYWA,21
FleQ/AmrZ,18.0,18.0,44.0,44.0,TMCASSAAVDNCWGYRCCAGCMBCWGST,28
FleQ/Fur,25.0,27.0,34.0,36.0,AATGYKAAYRATWHTBAYTHBCAWTWD,27
FliA,21.0,25.0,24.0,29.0,DYCTGGVCMWCSGCCAGCRSCWKGWCRNC,29
FnrA-1,8.0,10.0,14.0,16.0,TGAGGWVGAWCAYSAYYTGCAKCWKSRAVT,30
FnrA-2,12.0,12.0,18.0,18.0,TTGAYSSRSRTCAA,14
GbdR,20.0,24.0,28.0,36.0,KCRWBKYCAGCYYGBGCMWGRTCRVTGSCA,30
GclR,5.0,10.0,8.0,14.0,RTSMAADKWTTGTAYACAATTTTTT,25
HexR,4.0,4.0,9.0,9.0,GTWWTGTTGTKGKWWTTACWASATTATYCM,30
IonicLiquid,6.0,9.0,7.0,14.0,CATTGGSCRYGGCSWKSGCCWTGGCCK,27
LiuR,8.0,8.0,12.0,12.0,TTYTTGTKRTYGTKT,15
Multiple stress-1,48.0,48.0,58.0,58.0,TTGAYCHASRTCAA,14
Multiple stress-2,7.0,9.0,7.0,9.0,TTGATAAWNRTCAA,14
Osmotic stress-1,39.0,43.0,42.0,46.0,SCYGGYSVWGSHBGCCMWTGBCGRB,25
Osmotic stress-2,10.0,23.0,12.0,31.0,CWNRYVCKGGYMTTCMTGSWGG,22
PcaR,15.0,32.0,21.0,45.0,DASHGTTCGATWATCGMACAGWWY,24
PedR1-2,11.0,17.0,20.0,31.0,CCGSTACCAARGYAGYATTY,20
Phage-2,7.0,20.0,12.0,47.0,GBCGYSMTSRCCWDGRKCCWGGCMAAYCA,29
PP_0204/CysB,11.0,17.0,23.0,29.0,HWWAAHAWAWTRAWWWATAATATTTATATW,30
PplR1,7.0,9.0,19.0,22.0,AAACCTGTACAAKVSTVWAMTNTTGTAYA,29
Putrescine,5.0,6.0,6.0,7.0,TACYGATGTKMHHWWTAWTMAACAACAACA,30
PvdS,11.0,19.0,16.0,36.0,RGAACGWWKRRGBRGSVRRARAATTTA,27
PydR/RpoS,27.0,27.0,30.0,30.0,GSTSSSSTGSRVCAGGTCSVNSAAGCCVTC,30
TCA cycle,49.0,50.0,54.0,55.0,YCRSCAGCVWGVVCABSSCCABCSCCR,27
Translation,14.0,16.0,30.0,45.0,CRASCWGVAAGAGAMSRTCG,20
TurA-1,4.0,6.0,12.0,17.0,ACYTGCTBGTATAYCVGSACTGVGCGYCAG,30
Unchar-5,8.0,12.0,8.0,12.0,GCGKYCVYBTGCACSVGCTGAACCTKGRT,29
Unchar-7,41.0,67.0,73.0,117.0,SKBGWBGNDCWGGWSGMSGTWGRKSTB,27
Unchar-8,11.0,11.0,14.0,14.0,DBGCGGKSMTGWWSAWNSYRCTGGYCATG,29
Zinc,5.0,15.0,5.0,17.0,AATTGTAATTVTYSHMTCACCYTSYCGTTA,30
Zur,11.0,19.0,22.0,33.0,WRRYGTTATRWTRTAACAWKWHWHW,25
