Query_ID	Target_ID	Optimal_offset	p-value	E-value	q-value	Overlap	Query_consensus	Target_consensus	Orientation
AATGYKAAYRATWHTBAYTHBCAWTWD	EXPREG_000007c0	6	4.2495e-10	2.51145e-07	4.59946e-07	25	AATGTGAATAATTATTATTACCATTTA	AATATTAATGATAATAATTATCATTATAATT	-
AATGYKAAYRATWHTBAYTHBCAWTWD	EXPREG_000008b0	0	1.25622e-08	7.42427e-06	4.53225e-06	23	AATGTGAATAATTATTATTACCATTTA	AATGAGAATTATTATCATTTATA	+
AATGYKAAYRATWHTBAYTHBCAWTWD	EXPREG_00000c80	-3	1.77159e-08	1.04701e-05	4.79372e-06	19	AATGTGAATAATTATTATTACCATTTA	GATAATGATTATCATTATC	-
AATGYKAAYRATWHTBAYTHBCAWTWD	MX000013	-3	2.911e-08	1.7204e-05	6.30146e-06	19	AATGTGAATAATTATTATTACCATTTA	GATAATGATAATCATTTTC	-
AATGYKAAYRATWHTBAYTHBCAWTWD	EXPREG_00000ec0	2	8.97545e-08	5.30449e-05	1.16672e-05	22	AATGTGAATAATTATTATTACCATTTA	TTAATGATAATGATTTTTATTTTA	+
AATGYKAAYRATWHTBAYTHBCAWTWD	MX000128	-9	1.00416e-07	5.93457e-05	1.16672e-05	18	AATGTGAATAATTATTATTACCATTTA	GATAATCATTATCATTATC	-
AATGYKAAYRATWHTBAYTHBCAWTWD	EXPREG_00000360	0	1.33775e-07	7.90609e-05	1.31629e-05	25	AATGTGAATAATTATTATTACCATTTA	GTTTTTAATGATAATTATTATCATT	+
AATGYKAAYRATWHTBAYTHBCAWTWD	EXPREG_00000a20	-6	6.7217e-07	0.000397252	5.19661e-05	19	AATGTGAATAATTATTATTACCATTTA	AATGATAATCATTATCATT	-
AATGYKAAYRATWHTBAYTHBCAWTWD	Fur_21-4	-2	8.11653e-07	0.000479687	5.4309e-05	21	AATGTGAATAATTATTATTACCATTTA	TGATAATGATTATCATTATCA	+
AATGYKAAYRATWHTBAYTHBCAWTWD	EXPREG_00001020	-3	9.6114e-07	0.000568034	5.77941e-05	19	AATGTGAATAATTATTATTACCATTTA	GAAAATGATTATCATTTCC	-
AATGYKAAYRATWHTBAYTHBCAWTWD	EXPREG_00000b40	0	2.48083e-06	0.00146617	0.000141323	22	AATGTGAATAATTATTATTACCATTTA	ATTGATAATGATTATCATTATC	-

# Tomtom (Motif Comparison Tool): Version 5.4.1 compiled on Jan  5 2022 at 19:22:10
# The format of this file is described at https://meme-suite.org/meme/doc/tomtom-output-format.html.
# tomtom -oc ./motif_search/tmp_maxw_30/FleQ_Fur/tomtom -thresh 0.001 -incomplete-scores -png ./motif_search/tmp_maxw_30/FleQ_Fur/meme.txt /Users/hyungyulim/opt/anaconda3/envs/pymodulon/lib/python3.9/site-packages/pymodulon/data/meme/collectf.meme /Users/hyungyulim/opt/anaconda3/envs/pymodulon/lib/python3.9/site-packages/pymodulon/data/meme/dpinteract.meme /Users/hyungyulim/opt/anaconda3/envs/pymodulon/lib/python3.9/site-packages/pymodulon/data/meme/prodoric.meme /Users/hyungyulim/opt/anaconda3/envs/pymodulon/lib/python3.9/site-packages/pymodulon/data/meme/regtransbase.meme /Users/hyungyulim/opt/anaconda3/envs/pymodulon/lib/python3.9/site-packages/pymodulon/data/meme/SwissRegulon_e_coli.meme
